# External oracle: pada-final stop + following sound, from vidyut's sandhi rule generator (MIT).
# Source: https://github.com/ambuda-org/vidyut  vidyut-sandhi/src/generator.rs  commit 8da2f90bee3ce1c07505fa432fc3729e3f7e02ea
# Produced by running `create_sandhi_rules` and keeping the rows whose first sound is k, w (ṭ), p or t.
# `result` is `first' second'`; a row exists only where vidyut changes something or lists the pair.
# Converted from SLP1 to IAST, Devanagari and Cyrillic by docs/upc14-oracles-converted/to_script.py using
# upc14v2_script.encode_text (commit 3785441). Sequences: tokens side by side, a middle dot only where the
# reading would differ; `|` separates the left and right part of a sandhi result. Outside the codec and written
# as literals: long ḷ (ḹ, ॡ; Kasika txt 389 says it does not exist) and the avagraha (’, ऽ).
# Round trip: every cell was decoded back and compared with the SLP1 original; the original file stays in git history.
first_iast	first_deva	first_cyr	second_iast	second_deva	second_cyr	result_iast	result_deva	result_cyr
t	त्	т	a	अ	а	d|a	द्|अ	д|а
t	त्	т	ā	आ	а̄	d|ā	द्|आ	д|а̄
t	त्	т	i	इ	і	d|i	द्|इ	д|і
t	त्	т	ī	ई	і̄	d|ī	द्|ई	д|і̄
t	त्	т	u	उ	у	d|u	द्|उ	д|у
t	त्	т	ū	ऊ	ӯ	d|ū	द्|ऊ	д|ӯ
t	त्	т	ṛ	ऋ	р̣	d|ṛ	द्|ऋ	д|р̣
t	त्	т	ṝ	ॠ	р̣̄	d|ṝ	द्|ॠ	д|р̣̄
t	त्	т	ḷ	ऌ	л̣	d|ḷ	द्|ऌ	д|л̣
t	त्	т	ḹ	ॡ	л̣̄	d|ḹ	द्|ॡ	д|л̣̄
t	त्	т	e	ए	е	d|e	द्|ए	д|е
t	त्	т	ai	ऐ	аі	d|ai	द्|ऐ	д|аі
t	त्	т	o	ओ	о	d|o	द्|ओ	д|о
t	त्	т	au	औ	ау	d|au	द्|औ	д|ау
t	त्	т	ś	श्	ш́	c|ch	च्|छ्	ч|чг
t	त्	т	h	ह्	х	d|dh	द्|ध्	д|дг
t	त्	т	ṅ	ङ्	н̇	n|ṅ	न्|ङ्	н|н̇
t	त्	т	ñ	ञ्	н̃	n|ñ	न्|ञ्	н|н̃
t	त्	т	ṇ	ण्	н̣	n|ṇ	न्|ण्	н|н̣
t	त्	т	n	न्	н	n|n	न्|न्	н|н
t	त्	т	m	म्	м	n|m	न्|म्	н|м
t	त्	т	g	ग्	ґ	d|g	द्|ग्	д|ґ
t	त्	т	gh	घ्	ґг	d|gh	द्|घ्	д|ґг
t	त्	т	c	च्	ч	c|c	च्|च्	ч|ч
t	त्	т	ch	छ्	чг	c|ch	च्|छ्	ч|чг
t	त्	т	j	ज्	дж	j|j	ज्|ज्	дж|дж
t	त्	т	jh	झ्	джг	j|jh	ज्|झ्	дж|джг
t	त्	т	ṭ	ट्	т̣	ṭ|ṭ	ट्|ट्	т̣|т̣
t	त्	т	ṭh	ठ्	т̣г	ṭ|ṭh	ट्|ठ्	т̣|т̣г
t	त्	т	ḍ	ड्	д̣	ḍ|ḍ	ड्|ड्	д̣|д̣
t	त्	т	ḍh	ढ्	д̣г	ḍ|ḍh	ड्|ढ्	д̣|д̣г
t	त्	т	d	द्	д	d|d	द्|द्	д|д
t	त्	т	dh	ध्	дг	d|dh	द्|ध्	д|дг
t	त्	т	b	ब्	б	d|b	द्|ब्	д|б
t	त्	т	bh	भ्	бг	d|bh	द्|भ्	д|бг
t	त्	т	y	य्	й	d|y	द्|य्	д|й
t	त्	т	r	र्	р	d|r	द्|र्	д|р
t	त्	т	l	ल्	л	l|l	ल्|ल्	л|л
t	त्	т	v	व्	в	d|v	द्|व्	д|в
k	क्	к	g	ग्	ґ	g|g	ग्|ग्	ґ|ґ
k	क्	к	gh	घ्	ґг	g|gh	ग्|घ्	ґ|ґг
k	क्	к	ṅ	ङ्	н̇	ṅ|ṅ	ङ्|ङ्	н̇|н̇
k	क्	к	j	ज्	дж	g|j	ग्|ज्	ґ|дж
k	क्	к	jh	झ्	джг	g|jh	ग्|झ्	ґ|джг
k	क्	к	ñ	ञ्	н̃	ṅ|ñ	ङ्|ञ्	н̇|н̃
k	क्	к	ḍ	ड्	д̣	g|ḍ	ग्|ड्	ґ|д̣
k	क्	к	ḍh	ढ्	д̣г	g|ḍh	ग्|ढ्	ґ|д̣г
k	क्	к	ṇ	ण्	н̣	ṅ|ṇ	ङ्|ण्	н̇|н̣
k	क्	к	d	द्	д	g|d	ग्|द्	ґ|д
k	क्	к	dh	ध्	дг	g|dh	ग्|ध्	ґ|дг
k	क्	к	n	न्	н	ṅ|n	ङ्|न्	н̇|н
k	क्	к	b	ब्	б	g|b	ग्|ब्	ґ|б
k	क्	к	bh	भ्	бг	g|bh	ग्|भ्	ґ|бг
k	क्	к	m	म्	м	ṅ|m	ङ्|म्	н̇|м
k	क्	к	y	य्	й	g|y	ग्|य्	ґ|й
k	क्	к	r	र्	р	g|r	ग्|र्	ґ|р
k	क्	к	l	ल्	л	g|l	ग्|ल्	ґ|л
k	क्	к	v	व्	в	g|v	ग्|व्	ґ|в
k	क्	к	h	ह्	х	g|gh	ग्|घ्	ґ|ґг
ṭ	ट्	т̣	g	ग्	ґ	ḍ|g	ड्|ग्	д̣|ґ
ṭ	ट्	т̣	gh	घ्	ґг	ḍ|gh	ड्|घ्	д̣|ґг
ṭ	ट्	т̣	ṅ	ङ्	н̇	ṇ|ṅ	ण्|ङ्	н̣|н̇
ṭ	ट्	т̣	j	ज्	дж	ḍ|j	ड्|ज्	д̣|дж
ṭ	ट्	т̣	jh	झ्	джг	ḍ|jh	ड्|झ्	д̣|джг
ṭ	ट्	т̣	ñ	ञ्	н̃	ṇ|ñ	ण्|ञ्	н̣|н̃
ṭ	ट्	т̣	ḍ	ड्	д̣	ḍ|ḍ	ड्|ड्	д̣|д̣
ṭ	ट्	т̣	ḍh	ढ्	д̣г	ḍ|ḍh	ड्|ढ्	д̣|д̣г
ṭ	ट्	т̣	ṇ	ण्	н̣	ṇ|ṇ	ण्|ण्	н̣|н̣
ṭ	ट्	т̣	d	द्	д	ḍ|d	ड्|द्	д̣|д
ṭ	ट्	т̣	dh	ध्	дг	ḍ|dh	ड्|ध्	д̣|дг
ṭ	ट्	т̣	n	न्	н	ṇ|n	ण्|न्	н̣|н
ṭ	ट्	т̣	b	ब्	б	ḍ|b	ड्|ब्	д̣|б
ṭ	ट्	т̣	bh	भ्	бг	ḍ|bh	ड्|भ्	д̣|бг
ṭ	ट्	т̣	m	म्	м	ṇ|m	ण्|म्	н̣|м
ṭ	ट्	т̣	y	य्	й	ḍ|y	ड्|य्	д̣|й
ṭ	ट्	т̣	r	र्	р	ḍ|r	ड्|र्	д̣|р
ṭ	ट्	т̣	l	ल्	л	ḍ|l	ड्|ल्	д̣|л
ṭ	ट्	т̣	v	व्	в	ḍ|v	ड्|व्	д̣|в
ṭ	ट्	т̣	h	ह्	х	ḍ|ḍh	ड्|ढ्	д̣|д̣г
p	प्	п	g	ग्	ґ	b|g	ब्|ग्	б|ґ
p	प्	п	gh	घ्	ґг	b|gh	ब्|घ्	б|ґг
p	प्	п	ṅ	ङ्	н̇	m|ṅ	म्|ङ्	м|н̇
p	प्	п	j	ज्	дж	b|j	ब्|ज्	б|дж
p	प्	п	jh	झ्	джг	b|jh	ब्|झ्	б|джг
p	प्	п	ñ	ञ्	н̃	m|ñ	म्|ञ्	м|н̃
p	प्	п	ḍ	ड्	д̣	b|ḍ	ब्|ड्	б|д̣
p	प्	п	ḍh	ढ्	д̣г	b|ḍh	ब्|ढ्	б|д̣г
p	प्	п	ṇ	ण्	н̣	m|ṇ	म्|ण्	м|н̣
p	प्	п	d	द्	д	b|d	ब्|द्	б|д
p	प्	п	dh	ध्	дг	b|dh	ब्|ध्	б|дг
p	प्	п	n	न्	н	m|n	म्|न्	м|н
p	प्	п	b	ब्	б	b|b	ब्|ब्	б|б
p	प्	п	bh	भ्	бг	b|bh	ब्|भ्	б|бг
p	प्	п	m	म्	м	m|m	म्|म्	м|м
p	प्	п	y	य्	й	b|y	ब्|य्	б|й
p	प्	п	r	र्	р	b|r	ब्|र्	б|р
p	प्	п	l	ल्	л	b|l	ब्|ल्	б|л
p	प्	п	v	व्	в	b|v	ब्|व्	б|в
p	प्	п	h	ह्	х	b|bh	ब्|भ्	б|бг
