src	dst	kind	label	status	source
6.1.89	6.1.87	apavada	curated:shiva	hypothesis	docs/upc14v2-apavada-graph-check-2026-09-30.md §4-5 (shiva, branch docs/upc14v2-review-shiva-sonnet)
6.1.89	6.1.94	apavada	curated:shiva	hypothesis	docs/upc14v2-apavada-graph-check-2026-09-30.md §4-5 (shiva, branch docs/upc14v2-review-shiva-sonnet)
7.3.85	7.2.115	apavada	curated:shiva	hypothesis	docs/upc14v2-apavada-graph-check-2026-09-30.md §4-5 (shiva, branch docs/upc14v2-review-shiva-sonnet)
4.3.28	4.1.73	apavada	curated:shiva	hypothesis	docs/upc14v2-apavada-graph-check-2026-09-30.md §4-5 (shiva, branch docs/upc14v2-review-shiva-sonnet)
6.3.27	6.3.25	apavada	curated:shiva	hypothesis	docs/upc14v2-apavada-graph-check-2026-09-30.md §4-5 (shiva, branch docs/upc14v2-review-shiva-sonnet)
6.1.96	6.1.87	apavada	curated:shiva	hypothesis	docs/upc14v2-apavada-graph-check-2026-09-30.md §4-5 (shiva, branch docs/upc14v2-review-shiva-sonnet)
6.1.112	6.1.111	anuvrtti	उत्	hypothesis	Kasika on 6.1.112 (kashika.txt key 61112: "ङसिङसोरिति वर्तते, उदिति च"); found by паніні, verified by coordinator by reading
4.2.40	4.2.47	apavada	curated:shiva:medium	hypothesis	ṭhak (acitta); JSON «अचित्तलक्षणस्य ठकोऽपवादः»
4.2.103	4.2.102	apavada	curated:shiva:medium-high	hypothesis	ṭhak; 4.2.102 kanthāyāṣ ṭhak, text names kanthā
4.3.19	4.3.18	apavada	curated:shiva:high	hypothesis	ṭhak; 4.3.18 varṣābhyaṣ ṭhak
4.3.76	4.3.75	apavada	curated:shiva:high	hypothesis	ṭhak; «आयस्थानठकोऽपवादः»
5.1.41	5.1.19	apavada	curated:shiva:high	hypothesis	ṭhak; ad contains 5.1.19
5.1.66	5.1.19	apavada	curated:shiva:medium	hypothesis	ṭhak in the 5.1.63 tad arhati meaning; 5.1.19 adhikāra reaches 5.1.63
5.1.69	5.1.19	apavada	curated:shiva:medium	hypothesis	same as 5.1.66
5.1.70	5.1.19	apavada	curated:shiva:medium	hypothesis	same as 5.1.66
5.1.71	5.1.19	apavada	curated:shiva:medium	hypothesis	same as 5.1.66
3.1.98	3.1.124	apavada	curated:shiva:high	hypothesis	ṇyat (not yat); «ण्यतोऽपवादः»
3.1.125	3.1.97	apavada	curated:shiva:high	hypothesis	yat; «यतोऽपवादः» at ṇyat
3.1.126	3.1.97	apavada	curated:shiva:high	hypothesis	same as 3.1.125
4.3.7	4.3.4	apavada	curated:shiva:high	hypothesis	yat; «अर्धान्तात् … यतोऽपवादौ»
4.3.57	4.3.55	apavada	curated:shiva:high	hypothesis	yat; «शरीरावयवाद् यतोऽपवादः»
4.3.62	4.3.55	apavada	curated:shiva:medium	hypothesis	yat; body parts (jihvāmūla, aṅguli)
4.3.65	4.3.55	apavada	curated:shiva:medium	hypothesis	yat; body parts (karṇa, lalāṭa)
4.3.122	4.3.121	apavada	curated:shiva:high	hypothesis	yat; «पूर्वस्य यतोऽपवादः» (positional)
4.3.162	4.3.161	apavada	curated:shiva:medium	hypothesis	yat; druvayam, 4.3.161 droś ca
4.2.111	4.2.114	apavada	curated:shiva:high	hypothesis	cha; 4.2.114 vṛddhāc chaḥ
4.2.112	4.2.114	apavada	curated:shiva:high	hypothesis	cha
4.2.115	4.2.114	apavada	curated:shiva:high	hypothesis	cha
4.2.117	4.2.114	apavada	curated:shiva:high	hypothesis	cha
4.2.122	4.2.114	apavada	curated:shiva:high	hypothesis	cha
4.2.123	4.2.114	apavada	curated:shiva:high	hypothesis	cha
4.2.124	4.2.114	apavada	curated:shiva:high	hypothesis	cha
5.1.136	5.1.135	apavada	curated:shiva:high	hypothesis	cha; hotrābhyaś chaḥ (previous sutra)
