src	dst	kind	label
6.1.87	6.1.84	adhikara	curated-ekadesa
6.1.88	6.1.84	adhikara	curated-ekadesa
6.1.97	6.1.84	adhikara	curated-ekadesa
6.1.101	6.1.84	adhikara	curated-ekadesa
6.1.109	6.1.84	adhikara	curated-ekadesa
6.1.109	6.1.78	apavada	curated-explicit-comment
6.1.97	6.1.101	blocks	curated-explicit-comment
6.1.97	6.1.88	blocks	curated-explicit-comment
6.1.87	1.1.51	depends_on	curated-explicit-code-path
8.4.42	8.4.41	blocks	curated-explicit-code-path
8.4.43	8.4.41	blocks	curated-explicit-code-path
8.4.44	8.4.40	blocks	curated-explicit-code-path
