family	typed_domain	law	count	generated	root	residue	representation_only	witness	falsifier	status
sound identity (UPC-14 vertex)	Sound	42 sounds derived from ONE seed (k) by typed edges asp/voice/nasal/shift/lift/join/long	42	yes (41 by edges)	1 seed (k) + edge types + sutra order	none claimed	no	test_upc14v2*.py; graph == guarded bit form on 2232 vertices (test_upc14v2_bitops)	a sound the edges cannot reach from k	established (empirical, local)
long/nasal vowel vertices	Sound	closure of e_long, e_nasal (up to 2 steps) over the 42	17	17 of 17 reached by e_long/e_nasal	no	0 not reached	no	graph_counts() in d7_sound_map.py	a vertex of the Sanskrit set outside the edge closure	established where reached; rest = residue
edge law on the 14-bit code	Sound	each typed edge = c ^ mask(guard); asp 1 mask, voice 1, long 3, shift 15, nasal 8 (guard classes), join 2	6	yes	no	no	no (law of the 14-bit coordinate)	test_upc14v2_bitops agree_everywhere; shiva-sutras#90 GuardedXorTests	an edge whose result differs from the guarded form on some vertex	established (exhaustive on 2232 vertices)
7-bit cell of a sound (hand table)	Sound	cell = hand placement; varga place*5+member, non-varga place*4+slot, vowel row*4+nasal*2+long	59	partly: saṅkṣepa7 derives 43, differs on 3 (h r l), 0 without hand cell	no	3 differ + hand-placed rest	yes (coordinate)	upc7_derive.compare(); upc7-table.tsv sha-pinned	a cell that a derivation rule gets right but the table has elsewhere	established; 3 disagreements open (#1981)
linear 7x14 cell map	Sound	cell = M . vertex (GF(2))	59	no (existence only)	no	no	yes	shiva-sutras#84/#90, my-lisp-panini#43 independent	no injective M exists; nasal one delta; shift linear on all 1080 pairs	exists; useless for nasal/shift (proved/empirical); NOT a law
ASCII signs	Sound-text	27 cells mirror the ASCII punctuation the language syntax uses	27	no	no	all 27	yes	pinned geometry	none (convention)	convention, not generated
Sanskrit signs	Sound-text	anusvāra visarga avagraha daṇḍa double-daṇḍa	5	no	no	all 5	yes	test_upc7_lang RoomTests	none	residue (convention)
capital / stress modifiers	Sound-text	next letter uppercase; combining acute	2	no	no	both	yes (uk orthography)	test_upc7_lang	none	residue (orthography)
decimal digits 0-9	Text (NOT Number)	cell = base ^ XOR of 4 columns by the digit's bits (affine, 0..9 only)	10	no (one of 7680 placements)	no	all 10	yes (coordinate law)	test_upc7_lang DigitTests; panini review_upc7_digits (independent)	a digit cell compared/added as a number; relabelling the cells	established as placement; semantics = text
unassigned cells	-	free	11	no	no	no	-	table	-	free
