# Named pratyahara -> (start, marker, nth marker, start occurrence); verified: g.pratyahara(start, marker, nth) equals the set of pratyahara-usage.yaml (fixed on branch fix/48-53, 0db88e3: bhaś is bhaṣ, ṅam added) for all 43 names.
# nth_marker counts the markers of that letter AFTER the start (as upc14v2.pratyahara). Names are IAST; aṇ2 = aṇ of 1.1.69 (second ṇ).
name_iast	name_deva	start_iast	marker_iast	nth_marker	start_occurrence	source
aṇ	अण्	a	ṇ	1	1	Kāśikā txt 99-103, 1622-1623 (aṇ first ṇ, iṇ second; 1.1.69 aṇ second = aṇ2)
ak	अक्	a	k	1	1	1.1.71; the marker is the first marker of that letter after the start
ac	अच्	a	c	1	1	1.1.71; the marker is the first marker of that letter after the start
aṭ	अट्	a	ṭ	1	1	1.1.71; the marker is the first marker of that letter after the start
aṇ2	अण्	a	ṇ	2	1	Kāśikā txt 99-103, 1622-1623 (aṇ first ṇ, iṇ second; 1.1.69 aṇ second = aṇ2)
am	अम्	a	m	1	1	1.1.71; the marker is the first marker of that letter after the start
aś	अश्	a	ś	1	1	1.1.71; the marker is the first marker of that letter after the start
al	अल्	a	l	1	1	1.1.71; the marker is the first marker of that letter after the start
ik	इक्	i	k	1	1	1.1.71; the marker is the first marker of that letter after the start
ic	इच्	i	c	1	1	1.1.71; the marker is the first marker of that letter after the start
iṇ	इण्	i	ṇ	2	1	Kāśikā txt 99-103, 1622-1623 (aṇ first ṇ, iṇ second; 1.1.69 aṇ second = aṇ2)
uk	उक्	u	k	1	1	1.1.71; the marker is the first marker of that letter after the start
eṅ	एङ्	e	ṅ	1	1	1.1.71; the marker is the first marker of that letter after the start
ec	एच्	e	c	1	1	1.1.71; the marker is the first marker of that letter after the start
aic	ऐच्	ai	c	1	1	1.1.71; the marker is the first marker of that letter after the start
yañ	यञ्	y	ñ	1	1	1.1.71; the marker is the first marker of that letter after the start
yaṇ	यण्	y	ṇ	1	1	1.1.71; the marker is the first marker of that letter after the start
yam	यम्	y	m	1	1	1.1.71; the marker is the first marker of that letter after the start
yay	यय्	y	y	1	1	1.1.71; the marker is the first marker of that letter after the start
yar	यर्	y	r	1	1	1.1.71; the marker is the first marker of that letter after the start
vaś	वश्	v	ś	1	1	1.1.71; the marker is the first marker of that letter after the start
val	वल्	v	l	1	1	1.1.71; the marker is the first marker of that letter after the start
ral	रल्	r	l	1	1	1.1.71; the marker is the first marker of that letter after the start
may	मय्	m	y	1	1	1.1.71; the marker is the first marker of that letter after the start
ñam	ञम्	ñ	m	1	1	1.1.71; the marker is the first marker of that letter after the start
ṅam	ङम्	ṅ	m	1	1	1.1.71; the marker is the first marker of that letter after the start
jhaś	झश्	jh	ś	1	1	1.1.71; the marker is the first marker of that letter after the start
jhaṣ	झष्	jh	ṣ	1	1	1.1.71; the marker is the first marker of that letter after the start
jhay	झय्	jh	y	1	1	1.1.71; the marker is the first marker of that letter after the start
jhar	झर्	jh	r	1	1	1.1.71; the marker is the first marker of that letter after the start
jhal	झल्	jh	l	1	1	1.1.71; the marker is the first marker of that letter after the start
bhaṣ	भष्	bh	ṣ	1	1	1.1.71; the marker is the first marker of that letter after the start
jaś	जश्	j	ś	1	1	1.1.71; the marker is the first marker of that letter after the start
baś	बश्	b	ś	1	1	1.1.71; the marker is the first marker of that letter after the start
khay	खय्	kh	y	1	1	1.1.71; the marker is the first marker of that letter after the start
khar	खर्	kh	r	1	1	1.1.71; the marker is the first marker of that letter after the start
chav	छव्	ch	v	1	1	1.1.71; the marker is the first marker of that letter after the start
cay	चय्	c	y	1	1	1.1.71; the marker is the first marker of that letter after the start
car	चर्	c	r	1	1	1.1.71; the marker is the first marker of that letter after the start
śar	शर्	ś	r	1	1	1.1.71; the marker is the first marker of that letter after the start
śal	शल्	ś	l	1	1	1.1.71; the marker is the first marker of that letter after the start
haś	हश्	h	ś	1	1	1.1.71; first h (Kāśikā txt 165-176: the second h only serves the hal-groups)
hal	हल्	h	l	1	1	1.1.71; first h (Kāśikā txt 165-176: the second h only serves the hal-groups)
