affix	apavada_sutra	reason	status
aṇ	2.4.28	no 4.1.83 in ad, no कर्मणि in an (छन्दसि context)	not_closed
aṇ	4.4.123	no 4.1.83 in ad, no कर्मणि in an (छन्दसि context)	not_closed
aṇ	5.1.106	no 4.1.83 in ad, no कर्मणि in an (छन्दसि context)	not_closed
ṭhak	4.2.40	no 4.4.1 in ad	not_closed
ṭhak	4.2.103	no 4.4.1 in ad	not_closed
ṭhak	4.3.19	no 4.4.1 in ad	not_closed
ṭhak	4.3.76	no 4.4.1 in ad	not_closed
ṭhak	5.1.41	no 4.4.1 in ad	not_closed
ṭhak	5.1.66	no 4.4.1 in ad	not_closed
ṭhak	5.1.69	no 4.4.1 in ad	not_closed
ṭhak	5.1.70	no 4.4.1 in ad	not_closed
ṭhak	5.1.71	no 4.4.1 in ad	not_closed
yat	3.1.98	no 4.4.75 in ad	not_closed
yat	3.1.125	no 4.4.75 in ad	not_closed
yat	3.1.126	no 4.4.75 in ad	not_closed
yat	4.3.7	no 4.4.75 in ad	not_closed
yat	4.3.57	no 4.4.75 in ad	not_closed
yat	4.3.62	no 4.4.75 in ad	not_closed
yat	4.3.65	no 4.4.75 in ad	not_closed
yat	4.3.122	no 4.4.75 in ad	not_closed
yat	4.3.162	no 4.4.75 in ad	not_closed
cha	4.2.111	no 5.1.1 in ad	not_closed
cha	4.2.112	no 5.1.1 in ad	not_closed
cha	4.2.115	no 5.1.1 in ad	not_closed
cha	4.2.117	no 5.1.1 in ad	not_closed
cha	4.2.122	no 5.1.1 in ad	not_closed
cha	4.2.123	no 5.1.1 in ad	not_closed
cha	4.2.124	no 5.1.1 in ad	not_closed
cha	4.3.103	no 5.1.1 in ad	not_closed
cha	5.1.136	no 5.1.1 in ad	not_closed
ṭhañ	4.3.16	no 5.1.18 in ad	not_closed
ṭhañ	4.3.45	no 5.1.18 in ad	not_closed
ka	3.2.8	no 5.3.70 in ad	not_closed
ghañ	3.3.56	two candidate targets 3.3.18/3.3.19, no condition in ad	not_closed
ghañ	3.3.57	two candidate targets 3.3.18/3.3.19, no condition in ad	not_closed
ghañ	3.3.58	two candidate targets 3.3.18/3.3.19, no condition in ad	not_closed
ghañ	3.3.61	two candidate targets 3.3.18/3.3.19, no condition in ad	not_closed
ghañ	3.3.63	two candidate targets 3.3.18/3.3.19, no condition in ad	not_closed
ghañ	3.3.64	two candidate targets 3.3.18/3.3.19, no condition in ad	not_closed
ghañ	3.3.65	two candidate targets 3.3.18/3.3.19, no condition in ad	not_closed
ghañ	3.3.67	two candidate targets 3.3.18/3.3.19, no condition in ad	not_closed
ghañ	3.3.69	two candidate targets 3.3.18/3.3.19, no condition in ad	not_closed
ghañ	3.3.71	two candidate targets 3.3.18/3.3.19, no condition in ad	not_closed
ghañ	3.3.72	two candidate targets 3.3.18/3.3.19, no condition in ad	not_closed
añ	4.1.170	several general sutras, no condition in ad	not_closed
añ	4.1.171	several general sutras, no condition in ad	not_closed
añ	4.1.173	several general sutras, no condition in ad	not_closed
añ	4.3.137	several general sutras, no condition in ad	not_closed
añ	4.3.142	several general sutras, no condition in ad	not_closed
añ	4.3.164	several general sutras, no condition in ad	not_closed
añ	4.3.165	several general sutras, no condition in ad	not_closed
vuñ	4.2.110	several general sutras, no condition in ad	not_closed
vuñ	4.2.131	several general sutras, no condition in ad	not_closed
vuñ	4.2.132	several general sutras, no condition in ad	not_closed
vuñ	4.3.78	several general sutras, no condition in ad	not_closed
vuñ	4.3.127	several general sutras, no condition in ad	not_closed
vuñ	4.3.128	several general sutras, no condition in ad	not_closed
vuñ	4.3.132	several general sutras, no condition in ad	not_closed
vuñ	4.3.133	several general sutras, no condition in ad	not_closed
ḍhak	4.1.113	several general sutras, no condition in ad	not_closed
ḍhak	4.1.116	several general sutras, no condition in ad	not_closed
ḍhak	4.1.131	several general sutras, no condition in ad	not_closed
